xmin,ymin,xmax,ymax,confidence,class,name
743.29052734375,48.34356689453125,1141.7564697265625,720.0,0.8798605799674988,0,person
441.9896240234375,437.33673095703125,496.5850830078125,710.0361938476562,0.6751183271408081,27,tie
123.05117797851562,193.23806762695312,714.6907958984375,719.771240234375,0.6666926741600037,0,person
978.9898071289062,313.57952880859375,1025.3028564453125,415.52618408203125,0.2615175247192383,27,tie
