xmin,ymin,xmax,ymax,confidence,class,name
743.7372436523438,45.197845458984375,1149.868408203125,720.0,0.8572447299957275,0,person
120.32135009765625,197.51754760742188,853.2150268554688,718.7364501953125,0.6205633878707886,0,person
439.6195983886719,437.16339111328125,500.7126770019531,711.7097778320312,0.2528437376022339,27,tie
